{
    "name": "root",
    "gauges": {
        "SimpleTowerDefenseAgent.Policy.Entropy.mean": {
            "value": 2.7713489532470703,
            "min": 2.7713489532470703,
            "max": 2.7713489532470703,
            "count": 1
        },
        "SimpleTowerDefenseAgent.Policy.Entropy.sum": {
            "value": 2837.861328125,
            "min": 2837.861328125,
            "max": 2837.861328125,
            "count": 1
        },
        "SimpleTowerDefenseAgent.Step.mean": {
            "value": 896.0,
            "min": 896.0,
            "max": 896.0,
            "count": 1
        },
        "SimpleTowerDefenseAgent.Step.sum": {
            "value": 896.0,
            "min": 896.0,
            "max": 896.0,
            "count": 1
        },
        "SimpleTowerDefenseAgent.Policy.ExtrinsicValueEstimate.mean": {
            "value": -0.006096578203141689,
            "min": -0.006096578203141689,
            "max": -0.006096578203141689,
            "count": 1
        },
        "SimpleTowerDefenseAgent.Policy.ExtrinsicValueEstimate.sum": {
            "value": -0.04267604649066925,
            "min": -0.04267604649066925,
            "max": -0.04267604649066925,
            "count": 1
        },
        "SimpleTowerDefenseAgent.Losses.PolicyLoss.mean": {
            "value": 0.13394005156005734,
            "min": 0.13394005156005734,
            "max": 0.13394005156005734,
            "count": 1
        },
        "SimpleTowerDefenseAgent.Losses.PolicyLoss.sum": {
            "value": 0.13394005156005734,
            "min": 0.13394005156005734,
            "max": 0.13394005156005734,
            "count": 1
        },
        "SimpleTowerDefenseAgent.Losses.ValueLoss.mean": {
            "value": 0.029882608447223902,
            "min": 0.029882608447223902,
            "max": 0.029882608447223902,
            "count": 1
        },
        "SimpleTowerDefenseAgent.Losses.ValueLoss.sum": {
            "value": 0.029882608447223902,
            "min": 0.029882608447223902,
            "max": 0.029882608447223902,
            "count": 1
        },
        "SimpleTowerDefenseAgent.Policy.LearningRate.mean": {
            "value": 0.0002980800006400001,
            "min": 0.0002980800006400001,
            "max": 0.0002980800006400001,
            "count": 1
        },
        "SimpleTowerDefenseAgent.Policy.LearningRate.sum": {
            "value": 0.0002980800006400001,
            "min": 0.0002980800006400001,
            "max": 0.0002980800006400001,
            "count": 1
        },
        "SimpleTowerDefenseAgent.Policy.Epsilon.mean": {
            "value": 0.19936000000000004,
            "min": 0.19936000000000004,
            "max": 0.19936000000000004,
            "count": 1
        },
        "SimpleTowerDefenseAgent.Policy.Epsilon.sum": {
            "value": 0.19936000000000004,
            "min": 0.19936000000000004,
            "max": 0.19936000000000004,
            "count": 1
        },
        "SimpleTowerDefenseAgent.Policy.Beta.mean": {
            "value": 0.0049680639999999995,
            "min": 0.0049680639999999995,
            "max": 0.0049680639999999995,
            "count": 1
        },
        "SimpleTowerDefenseAgent.Policy.Beta.sum": {
            "value": 0.0049680639999999995,
            "min": 0.0049680639999999995,
            "max": 0.0049680639999999995,
            "count": 1
        },
        "SimpleTowerDefenseAgent.IsTraining.mean": {
            "value": 1.0,
            "min": 1.0,
            "max": 1.0,
            "count": 1
        },
        "SimpleTowerDefenseAgent.IsTraining.sum": {
            "value": 1.0,
            "min": 1.0,
            "max": 1.0,
            "count": 1
        }
    },
    "metadata": {
        "timer_format_version": "0.1.0",
        "start_time_seconds": "1752487966",
        "python_version": "3.10.6 (tags/v3.10.6:9c7b4bd, Aug  1 2022, 21:53:49) [MSC v.1932 64 bit (AMD64)]",
        "command_line_arguments": "C:\\Users\\User\\AppData\\Local\\Programs\\Python\\Python310\\Scripts\\mlagents-learn simple_config.yaml --run-id=FreshTraining_3",
        "mlagents_version": "1.1.0",
        "mlagents_envs_version": "1.1.0",
        "communication_protocol_version": "1.5.0",
        "pytorch_version": "2.7.1+cu118",
        "numpy_version": "1.23.5",
        "end_time_seconds": "1752488066"
    },
    "total": 100.53041990002384,
    "count": 1,
    "self": 0.007246899942401797,
    "children": {
        "run_training.setup": {
            "total": 0.08066030003828928,
            "count": 1,
            "self": 0.08066030003828928
        },
        "TrainerController.start_learning": {
            "total": 100.44251270004315,
            "count": 1,
            "self": 0.029995000746566802,
            "children": {
                "TrainerController._reset_env": {
                    "total": 11.548052900005132,
                    "count": 1,
                    "self": 11.548052900005132
                },
                "TrainerController.advance": {
                    "total": 88.5249184993445,
                    "count": 1719,
                    "self": 0.027394798351451755,
                    "children": {
                        "env_step": {
                            "total": 84.66366110125091,
                            "count": 1719,
                            "self": 71.2629136046744,
                            "children": {
                                "SubprocessEnvManager._take_step": {
                                    "total": 13.381980697566178,
                                    "count": 1719,
                                    "self": 0.09298649773700163,
                                    "children": {
                                        "TorchPolicy.evaluate": {
                                            "total": 13.288994199829176,
                                            "count": 1719,
                                            "self": 13.288994199829176
                                        }
                                    }
                                },
                                "workers": {
                                    "total": 0.0187667990103364,
                                    "count": 1718,
                                    "self": 0.0,
                                    "children": {
                                        "worker_root": {
                                            "total": 28.570461598574184,
                                            "count": 1718,
                                            "is_parallel": true,
                                            "self": 21.48432219924871,
                                            "children": {
                                                "steps_from_proto": {
                                                    "total": 0.002426499966531992,
                                                    "count": 1,
                                                    "is_parallel": true,
                                                    "self": 0.0006696999771520495,
                                                    "children": {
                                                        "_process_rank_one_or_two_observation": {
                                                            "total": 0.0017567999893799424,
                                                            "count": 2,
                                                            "is_parallel": true,
                                                            "self": 0.0017567999893799424
                                                        }
                                                    }
                                                },
                                                "UnityEnvironment.step": {
                                                    "total": 7.083712899358943,