{
    "name": "root",
    "gauges": {
        "SimpleTowerDefenseAgent.Policy.Entropy.mean": {
            "value": 2.1860785484313965,
            "min": 2.1860785484313965,
            "max": 2.1965086460113525,
            "count": 4
        },
        "SimpleTowerDefenseAgent.Policy.Entropy.sum": {
            "value": 2288.82421875,
            "min": 2014.2127685546875,
            "max": 2308.530517578125,
            "count": 4
        },
        "SimpleTowerDefenseAgent.Step.mean": {
            "value": 3935.0,
            "min": 923.0,
            "max": 3935.0,
            "count": 4
        },
        "SimpleTowerDefenseAgent.Step.sum": {
            "value": 3935.0,
            "min": 923.0,
            "max": 3935.0,
            "count": 4
        },
        "SimpleTowerDefenseAgent.Policy.ExtrinsicValueEstimate.mean": {
            "value": -2.090391159057617,
            "min": -2.090391159057617,
            "max": -0.36051037907600403,
            "count": 4
        },
        "SimpleTowerDefenseAgent.Policy.ExtrinsicValueEstimate.sum": {
            "value": -18.813520431518555,
            "min": -18.813520431518555,
            "max": -2.8840830326080322,
            "count": 4
        },
        "SimpleTowerDefenseAgent.Losses.PolicyLoss.mean": {
            "value": 0.13624401471267145,
            "min": 0.12548641769293076,
            "max": 0.1679814080397288,
            "count": 4
        },
        "SimpleTowerDefenseAgent.Losses.PolicyLoss.sum": {
            "value": 0.13624401471267145,
            "min": 0.13624401471267145,
            "max": 0.263878695294261,
            "count": 4
        },
        "SimpleTowerDefenseAgent.Losses.ValueLoss.mean": {
            "value": 0.04770917487330735,
            "min": 0.04770917487330735,
            "max": 0.3321995037297408,
            "count": 4
        },
        "SimpleTowerDefenseAgent.Losses.ValueLoss.sum": {
            "value": 0.04770917487330735,
            "min": 0.04770917487330735,
            "max": 0.4637686392913262,
            "count": 4
        },
        "SimpleTowerDefenseAgent.Policy.LearningRate.mean": {
            "value": 0.00028941600352800007,
            "min": 0.00028941600352800007,
            "max": 0.0002980800006400001,
            "count": 4
        },
        "SimpleTowerDefenseAgent.Policy.LearningRate.sum": {
            "value": 0.00028941600352800007,
            "min": 0.00028941600352800007,
            "max": 0.000591006002998,
            "count": 4
        },
        "SimpleTowerDefenseAgent.Policy.Epsilon.mean": {
            "value": 0.196472,
            "min": 0.196472,
            "max": 0.19936000000000004,
            "count": 4
        },
        "SimpleTowerDefenseAgent.Policy.Epsilon.sum": {
            "value": 0.196472,
            "min": 0.196472,
            "max": 0.39700199999999997,
            "count": 4
        },
        "SimpleTowerDefenseAgent.Policy.Beta.mean": {
            "value": 0.004823952799999999,
            "min": 0.004823952799999999,
            "max": 0.0049680639999999995,
            "count": 4
        },
        "SimpleTowerDefenseAgent.Policy.Beta.sum": {
            "value": 0.004823952799999999,
            "min": 0.004823952799999999,
            "max": 0.009850399799999998,
            "count": 4
        },
        "SimpleTowerDefenseAgent.Environment.EpisodeLength.mean": {
            "value": 918.0,
            "min": 917.0,
            "max": 922.0,
            "count": 4
        },
        "SimpleTowerDefenseAgent.Environment.EpisodeLength.sum": {
            "value": 918.0,
            "min": 917.0,
            "max": 922.0,
            "count": 4
        },
        "SimpleTowerDefenseAgent.Environment.CumulativeReward.mean": {
            "value": -31.494442582130432,
            "min": -31.70444229245186,
            "max": -22.603331089019775,
            "count": 4
        },
        "SimpleTowerDefenseAgent.Environment.CumulativeReward.sum": {
            "value": -31.494442582130432,
            "min": -31.70444229245186,
            "max": -22.603331089019775,
            "count": 4
        },
        "SimpleTowerDefenseAgent.Policy.ExtrinsicReward.mean": {
            "value": -31.494442582130432,
            "min": -31.70444229245186,
            "max": -22.603331089019775,
            "count": 4
        },
        "SimpleTowerDefenseAgent.Policy.ExtrinsicReward.sum": {
            "value": -31.494442582130432,
            "min": -31.70444229245186,
            "max": -22.603331089019775,
            "count": 4
        },
        "SimpleTowerDefenseAgent.IsTraining.mean": {
            "value": 1.0,
            "min": 1.0,
            "max": 1.0,
            "count": 4
        },
        "SimpleTowerDefenseAgent.IsTraining.sum": {
            "value": 1.0,
            "min": 1.0,
            "max": 1.0,
            "count": 4
        }
    },
    "metadata": {
        "timer_format_version": "0.1.0",
        "start_time_seconds": "1752488628",
        "python_version": "3.10.6 (tags/v3.10.6:9c7b4bd, Aug  1 2022, 21:53:49) [MSC v.1932 64 bit (AMD64)]",
        "command_line_arguments": "C:\\Users\\User\\AppData\\Local\\Programs\\Python\\Python310\\Scripts\\mlagents-learn simple_config.yaml --run-id=FreshTraining_6",
        "mlagents_version": "1.1.0",
        "mlagents_envs_version": "1.1.0",
        "communication_protocol_version": "1.5.0",
        "pytorch_version": "2.7.1+cu118",
        "numpy_version": "1.23.5",
        "end_time_seconds": "1752488769"
    },
    "total": 140.98277519998373,
    "count": 1,
    "self": 0.0050196999800391495,
    "children": {
        "run_training.setup": {
            "total": 0.062299300043378025,
            "count": 1,
            "self": 0.062299300043378025
        },
        "TrainerController.start_learning": {
            "total": 140.91545619996032,
            "count": 1,
            "self": 0.0770307015045546,
            "children": {
                "TrainerController._reset_env": {
                    "total": 16.569592599989846,
                    "count": 1,
                    "self": 16.569592599989846
                },
                "TrainerController.advance": {
                    "total": 123.92850299848942,
                    "count": 4298,
                    "self": 0.07639189640758559,
                    "children": {
                        "env_step": {
                            "total": 117.27719910163432,
                            "count": 4298,
                            "self": 99.73125090298709,
                            "children": {
                                "SubprocessEnvManager._take_step": {
                                    "total": 17.49492609978188,
                                    "count": 4298,
                                    "self": 0.23941289784852415,
                                    "children": {
                                        "TorchPolicy.evaluate": {
                                            "total": 17.255513201933354,
                                            "count": 4298,
                                            "self": 17.255513201933354
                                        }
                                    }
                                },
                                "workers": {
                                    "total": 0.05102209886536002,
                                    "count": 4297,
                                    "self": 0.0,
                                    "children": {
                                        "worker_root": {
                                            "total": 62.88010119937826,
                                            "count": 4297,
                                            "is_parallel": true,
                                            "self": 29.89097209839383,