{
    "name": "root",
    "metadata": {
        "timer_format_version": "0.1.0",
        "start_time_seconds": "1752383580",
        "python_version": "3.10.6 (tags/v3.10.6:9c7b4bd, Aug  1 2022, 21:53:49) [MSC v.1932 64 bit (AMD64)]",
        "command_line_arguments": "C:\\Users\\User\\AppData\\Local\\Programs\\Python\\Python310\\Scripts\\mlagents-learn td_config.yaml --run-id=TowerDefense_Stage1_Run_6",
        "mlagents_version": "1.1.0",
        "mlagents_envs_version": "1.1.0",
        "communication_protocol_version": "1.5.0",
        "pytorch_version": "2.7.1+cu118",
        "numpy_version": "1.23.5",
        "end_time_seconds": "1752383719"
    },
    "total": 138.97842470000614,
    "count": 1,
    "self": 0.009485499991569668,
    "children": {
        "run_training.setup": {
            "total": 0.06376140000065789,
            "count": 1,
            "self": 0.06376140000065789
        },
        "TrainerController.start_learning": {
            "total": 138.90517780001392,
            "count": 1,
            "self": 0.00012190002598799765,
            "children": {
                "TrainerController._reset_env": {
                    "total": 15.637444799998775,
                    "count": 1,
                    "self": 15.637444799998775
                },
                "TrainerController.advance": {
                    "total": 122.88318459998118,
                    "count": 1,
                    "self": 1.8399994587525725e-05,
                    "children": {
                        "env_step": {
                            "total": 122.88316619998659,
                            "count": 1,
                            "self": 122.8831596999953,
                            "children": {
                                "SubprocessEnvManager._take_step": {
                                    "total": 6.499991286545992e-06,
                                    "count": 1,
                                    "self": 6.499991286545992e-06
                                }
                            }
                        }
                    }
                },
                "TrainerController._save_models": {
                    "total": 0.38442650000797585,
                    "count": 1,
                    "self": 0.013285000022733584,
                    "children": {
                        "RLTrainer._checkpoint": {
                            "total": 0.37114149998524226,
                            "count": 1,
                            "self": 0.37114149998524226
                        }
                    }
                }
            }
        }
    }
}