{
    "name": "root",
    "gauges": {
        "SimpleTowerDefenseAgent.Policy.Entropy.mean": {
            "value": 0.6854328513145447,
            "min": 0.682975172996521,
            "max": 0.6927930116653442,
            "count": 10
        },
        "SimpleTowerDefenseAgent.Policy.Entropy.sum": {
            "value": 701.8832397460938,
            "min": 655.81298828125,
            "max": 709.4200439453125,
            "count": 10
        },
        "SimpleTowerDefenseAgent.Step.mean": {
            "value": 9984.0,
            "min": 960.0,
            "max": 9984.0,
            "count": 10
        },
        "SimpleTowerDefenseAgent.Step.sum": {
            "value": 9984.0,
            "min": 960.0,
            "max": 9984.0,
            "count": 10
        },
        "SimpleTowerDefenseAgent.Policy.ExtrinsicValueEstimate.mean": {
            "value": 0.4069328010082245,
            "min": -0.2916760742664337,
            "max": 0.4069328010082245,
            "count": 10
        },
        "SimpleTowerDefenseAgent.Policy.ExtrinsicValueEstimate.sum": {
            "value": 6.510924816131592,
            "min": -4.375141143798828,
            "max": 6.510924816131592,
            "count": 10
        },
        "SimpleTowerDefenseAgent.Losses.PolicyLoss.mean": {
            "value": 0.149221357734253,
            "min": 0.13673997087473116,
            "max": 0.15695500470421933,
            "count": 10
        },
        "SimpleTowerDefenseAgent.Losses.PolicyLoss.sum": {
            "value": 0.298442715468506,
            "min": 0.1436184011399746,
            "max": 0.298442715468506,
            "count": 10
        },
        "SimpleTowerDefenseAgent.Losses.ValueLoss.mean": {
            "value": 5.057816280929762e-05,
            "min": 5.057816280929762e-05,
            "max": 0.0019372287066222202,
            "count": 10
        },
        "SimpleTowerDefenseAgent.Losses.ValueLoss.sum": {
            "value": 0.00010115632561859524,
            "min": 9.245054513518914e-05,
            "max": 0.003041210794536811,
            "count": 10
        },
        "SimpleTowerDefenseAgent.Policy.LearningRate.mean": {
            "value": 1.4880095040000014e-05,
            "min": 1.4880095040000014e-05,
            "max": 0.00028272000576,
            "count": 10
        },
        "SimpleTowerDefenseAgent.Policy.LearningRate.sum": {
            "value": 2.976019008000003e-05,
            "min": 2.976019008000003e-05,
            "max": 0.0005136000288,
            "count": 10
        },
        "SimpleTowerDefenseAgent.Policy.Epsilon.mean": {
            "value": 0.10496000000000001,
            "min": 0.10496000000000001,
            "max": 0.19424000000000008,
            "count": 10
        },
        "SimpleTowerDefenseAgent.Policy.Epsilon.sum": {
            "value": 0.20992000000000002,
            "min": 0.12512,
            "max": 0.3712,
            "count": 10
        },
        "SimpleTowerDefenseAgent.Policy.Beta.mean": {
            "value": 0.0002575040000000002,
            "min": 0.0002575040000000002,
            "max": 0.0047125760000000004,
            "count": 10
        },
        "SimpleTowerDefenseAgent.Policy.Beta.sum": {
            "value": 0.0005150080000000004,
            "min": 0.0005150080000000004,
            "max": 0.008562879999999998,
            "count": 10
        },
        "SimpleTowerDefenseAgent.IsTraining.mean": {
            "value": 1.0,
            "min": 1.0,
            "max": 1.0,
            "count": 10
        },
        "SimpleTowerDefenseAgent.IsTraining.sum": {
            "value": 1.0,
            "min": 1.0,
            "max": 1.0,
            "count": 10
        }
    },
    "metadata": {
        "timer_format_version": "0.1.0",
        "start_time_seconds": "1752382890",
        "python_version": "3.10.6 (tags/v3.10.6:9c7b4bd, Aug  1 2022, 21:53:49) [MSC v.1932 64 bit (AMD64)]",
        "command_line_arguments": "C:\\Users\\User\\AppData\\Local\\Programs\\Python\\Python310\\Scripts\\mlagents-learn simple_config.yaml --run-id=SimpleTest_5",
        "mlagents_version": "1.1.0",
        "mlagents_envs_version": "1.1.0",
        "communication_protocol_version": "1.5.0",
        "pytorch_version": "2.7.1+cu118",
        "numpy_version": "1.23.5",
        "end_time_seconds": "1752383038"
    },
    "total": 147.56220679997932,
    "count": 1,
    "self": 0.01226179997320287,
    "children": {
        "run_training.setup": {
            "total": 0.06892830002470873,
            "count": 1,
            "self": 0.06892830002470873
        },
        "TrainerController.start_learning": {
            "total": 147.4810166999814,
            "count": 1,
            "self": 0.17178919934667647,
            "children": {
                "TrainerController._reset_env": {
                    "total": 11.753212899988284,
                    "count": 1,
                    "self": 11.753212899988284
                },
                "TrainerController.advance": {
                    "total": 135.31743530064705,
                    "count": 10048,
                    "self": 0.15749240000150166,
                    "children": {
                        "env_step": {
                            "total": 123.38301320088794,
                            "count": 10048,
                            "self": 88.10275500098942,
                            "children": {
                                "SubprocessEnvManager._take_step": {
                                    "total": 35.162385399016785,
                                    "count": 10048,
                                    "self": 0.5071162975509651,
                                    "children": {
                                        "TorchPolicy.evaluate": {
                                            "total": 34.65526910146582,
                                            "count": 10048,
                                            "self": 34.65526910146582
                                        }
                                    }
                                },
                                "workers": {
                                    "total": 0.11787280088174157,
                                    "count": 10048,
                                    "self": 0.0,
                                    "children": {
                                        "worker_root": {
                                            "total": 137.75734320044285,
                                            "count": 10048,
                                            "is_parallel": true,
                                            "self": 58.47135880150017,
                                            "children": {
                                                "steps_from_proto": {
                                                    "total": 0.0021733999892603606,
                                                    "count": 1,
                                                    "is_parallel": true,
                                                    "self": 0.000693499983754009,
                                                    "children": {
                                                        "_process_rank_one_or_two_observation": {
                                                            "total": 0.0014799000055063516,
                                                            "count": 2,
                                                            "is_parallel": true,
                                                            "self": 0.0014799000055063516
                                                        }
                                                    }
                                                },
                                                "UnityEnvironment.step": {
                                                    "total": 79.28381099895341,
                                                    "count": 10048,