{
    "name": "root",
    "gauges": {
        "SimpleTowerDefenseAgent.Policy.Entropy.mean": {
            "value": 2.7545206546783447,
            "min": 2.7545206546783447,
            "max": 2.770357370376587,
            "count": 5
        },
        "SimpleTowerDefenseAgent.Policy.Entropy.sum": {
            "value": 2881.228515625,
            "min": 2533.7890625,
            "max": 2911.6455078125,
            "count": 5
        },
        "SimpleTowerDefenseAgent.Step.mean": {
            "value": 4981.0,
            "min": 923.0,
            "max": 4981.0,
            "count": 5
        },
        "SimpleTowerDefenseAgent.Step.sum": {
            "value": 4981.0,
            "min": 923.0,
            "max": 4981.0,
            "count": 5
        },
        "SimpleTowerDefenseAgent.Policy.ExtrinsicValueEstimate.mean": {
            "value": -1.2614192962646484,
            "min": -1.5579161643981934,
            "max": -0.4312354326248169,
            "count": 5
        },
        "SimpleTowerDefenseAgent.Policy.ExtrinsicValueEstimate.sum": {
            "value": -11.352773666381836,
            "min": -14.021245956420898,
            "max": -3.449883460998535,
            "count": 5
        },
        "SimpleTowerDefenseAgent.Losses.PolicyLoss.mean": {
            "value": 0.14400126234492444,
            "min": 0.12269515996643653,
            "max": 0.14506571734091267,
            "count": 5
        },
        "SimpleTowerDefenseAgent.Losses.PolicyLoss.sum": {
            "value": 0.2880025246898489,
            "min": 0.12269515996643653,
            "max": 0.2880025246898489,
            "count": 5
        },
        "SimpleTowerDefenseAgent.Losses.ValueLoss.mean": {
            "value": 0.1549063662920768,
            "min": 0.0748005235257248,
            "max": 0.1549063662920768,
            "count": 5
        },
        "SimpleTowerDefenseAgent.Losses.ValueLoss.sum": {
            "value": 0.3098127325841536,
            "min": 0.0748005235257248,
            "max": 0.3098127325841536,
            "count": 5
        },
        "SimpleTowerDefenseAgent.Policy.LearningRate.mean": {
            "value": 0.00028701000433,
            "min": 0.00028701000433,
            "max": 0.0002980800006400001,
            "count": 5
        },
        "SimpleTowerDefenseAgent.Policy.LearningRate.sum": {
            "value": 0.00057402000866,
            "min": 0.00028941600352800007,
            "max": 0.000591006002998,
            "count": 5
        },
        "SimpleTowerDefenseAgent.Policy.Epsilon.mean": {
            "value": 0.19567,
            "min": 0.19567,
            "max": 0.19936000000000004,
            "count": 5
        },
        "SimpleTowerDefenseAgent.Policy.Epsilon.sum": {
            "value": 0.39134,
            "min": 0.196472,
            "max": 0.39700199999999997,
            "count": 5
        },
        "SimpleTowerDefenseAgent.Policy.Beta.mean": {
            "value": 0.004783933000000001,
            "min": 0.004783933000000001,
            "max": 0.0049680639999999995,
            "count": 5
        },
        "SimpleTowerDefenseAgent.Policy.Beta.sum": {
            "value": 0.009567866000000001,
            "min": 0.004823952799999999,
            "max": 0.009850399799999998,
            "count": 5
        },
        "SimpleTowerDefenseAgent.Environment.EpisodeLength.mean": {
            "value": 917.0,
            "min": 917.0,
            "max": 922.0,
            "count": 5
        },
        "SimpleTowerDefenseAgent.Environment.EpisodeLength.sum": {
            "value": 917.0,
            "min": 917.0,
            "max": 922.0,
            "count": 5
        },
        "SimpleTowerDefenseAgent.Environment.CumulativeReward.mean": {
            "value": -25.59444272518158,
            "min": -26.384443283081055,
            "max": -25.544442296028137,
            "count": 5
        },
        "SimpleTowerDefenseAgent.Environment.CumulativeReward.sum": {
            "value": -25.59444272518158,
            "min": -26.384443283081055,
            "max": -25.544442296028137,
            "count": 5
        },
        "SimpleTowerDefenseAgent.Policy.ExtrinsicReward.mean": {
            "value": -25.59444272518158,
            "min": -26.384443283081055,
            "max": -25.544442296028137,
            "count": 5
        },
        "SimpleTowerDefenseAgent.Policy.ExtrinsicReward.sum": {
            "value": -25.59444272518158,
            "min": -26.384443283081055,
            "max": -25.544442296028137,
            "count": 5
        },
        "SimpleTowerDefenseAgent.IsTraining.mean": {
            "value": 1.0,
            "min": 1.0,
            "max": 1.0,
            "count": 5
        },
        "SimpleTowerDefenseAgent.IsTraining.sum": {
            "value": 1.0,
            "min": 1.0,
            "max": 1.0,
            "count": 5
        }
    },
    "metadata": {
        "timer_format_version": "0.1.0",
        "start_time_seconds": "1752484627",
        "python_version": "3.10.6 (tags/v3.10.6:9c7b4bd, Aug  1 2022, 21:53:49) [MSC v.1932 64 bit (AMD64)]",
        "command_line_arguments": "C:\\Users\\User\\AppData\\Local\\Programs\\Python\\Python310\\Scripts\\mlagents-learn simple_config.yaml --run-id=SimpleTest_46",
        "mlagents_version": "1.1.0",
        "mlagents_envs_version": "1.1.0",
        "communication_protocol_version": "1.5.0",
        "pytorch_version": "2.7.1+cu118",
        "numpy_version": "1.23.5",
        "end_time_seconds": "1752484760"
    },
    "total": 132.37683349999133,
    "count": 1,
    "self": 0.003723900008480996,
    "children": {
        "run_training.setup": {
            "total": 0.06362929998431355,
            "count": 1,
            "self": 0.06362929998431355
        },
        "TrainerController.start_learning": {
            "total": 132.30948029999854,
            "count": 1,
            "self": 0.07754620024934411,
            "children": {
                "TrainerController._reset_env": {
                    "total": 11.853320499998517,
                    "count": 1,
                    "self": 11.853320499998517
                },
                "TrainerController.advance": {
                    "total": 120.1466591997887,
                    "count": 5750,
                    "self": 0.07643249735701829,
                    "children": {
                        "env_step": {
                            "total": 114.31457390118157,
                            "count": 5750,
                            "self": 93.01596869912464,
                            "children": {
                                "SubprocessEnvManager._take_step": {
                                    "total": 21.24571940273745,
                                    "count": 5750,
                                    "self": 0.230459802900441,
                                    "children": {
                                        "TorchPolicy.evaluate": {
                                            "total": 21.01525959983701,
                                            "count": 5750,
                                            "self": 21.01525959983701
                                        }
                                    }
                                },
                                "workers": {
                                    "total": 0.05288579931948334,
                                    "count": 5749,
                                    "self": 0.0,
                                    "children": {
                                        "worker_root": {
                                            "total": 60.40542269998696,
                                            "count": 5749,
                                            "is_parallel": true,
                                            "self": 34.10393860086333,