{
    "name": "root",
    "metadata": {
        "timer_format_version": "0.1.0",
        "start_time_seconds": "1752485053",
        "python_version": "3.10.6 (tags/v3.10.6:9c7b4bd, Aug  1 2022, 21:53:49) [MSC v.1932 64 bit (AMD64)]",
        "command_line_arguments": "C:\\Users\\User\\AppData\\Local\\Programs\\Python\\Python310\\Scripts\\mlagents-learn simple_config.yaml --run-id=SimpleTest_47",
        "mlagents_version": "1.1.0",
        "mlagents_envs_version": "1.1.0",
        "communication_protocol_version": "1.5.0",
        "pytorch_version": "2.7.1+cu118",
        "numpy_version": "1.23.5",
        "end_time_seconds": "1752485125"
    },
    "total": 72.3616844000062,
    "count": 1,
    "self": 0.010110400035046041,
    "children": {
        "run_training.setup": {
            "total": 0.06275320000713691,
            "count": 1,
            "self": 0.06275320000713691
        },
        "TrainerController.start_learning": {
            "total": 72.28882079996401,
            "count": 1,
            "self": 0.010883099574130028,
            "children": {
                "TrainerController._reset_env": {
                    "total": 12.342371799983084,
                    "count": 1,
                    "self": 12.342371799983084
                },
                "TrainerController.advance": {
                    "total": 59.648825500393286,
                    "count": 641,
                    "self": 0.009774400386959314,
                    "children": {
                        "env_step": {
                            "total": 57.79465239937417,
                            "count": 641,
                            "self": 52.8241533988039,
                            "children": {
                                "SubprocessEnvManager._take_step": {
                                    "total": 4.963330800412223,
                                    "count": 642,
                                    "self": 0.03460969968000427,
                                    "children": {
                                        "TorchPolicy.evaluate": {
                                            "total": 4.9287211007322185,
                                            "count": 642,
                                            "self": 4.9287211007322185
                                        }
                                    }
                                },
                                "workers": {
                                    "total": 0.007168200158048421,
                                    "count": 640,
                                    "self": 0.0,
                                    "children": {
                                        "worker_root": {
                                            "total": 11.941239701467566,
                                            "count": 640,
                                            "is_parallel": true,
                                            "self": 8.089049300586339,
                                            "children": {
                                                "steps_from_proto": {
                                                    "total": 0.0002826999989338219,
                                                    "count": 1,
                                                    "is_parallel": true,
                                                    "self": 0.00012749998131766915,
                                                    "children": {
                                                        "_process_rank_one_or_two_observation": {
                                                            "total": 0.00015520001761615276,
                                                            "count": 2,
                                                            "is_parallel": true,
                                                            "self": 0.00015520001761615276
                                                        }
                                                    }
                                                },
                                                "UnityEnvironment.step": {
                                                    "total": 3.8519077008822933,
                                                    "count": 640,
                                                    "is_parallel": true,
                                                    "self": 0.047757100546732545,
                                                    "children": {
                                                        "UnityEnvironment._generate_step_input": {
                                                            "total": 0.045404700154904276,
                                                            "count": 640,
                                                            "is_parallel": true,
                                                            "self": 0.045404700154904276
                                                        },
                                                        "communicator.exchange": {
                                                            "total": 3.596719800203573,
                                                            "count": 640,
                                                            "is_parallel": true,
                                                            "self": 3.596719800203573
                                                        },
                                                        "steps_from_proto": {
                                                            "total": 0.1620260999770835,
                                                            "count": 640,
                                                            "is_parallel": true,
                                                            "self": 0.10096259979764,
                                                            "children": {
                                                                "_process_rank_one_or_two_observation": {
                                                                    "total": 0.06106350017944351,
                                                                    "count": 1280,
                                                                    "is_parallel": true,
                                                                    "self": 0.06106350017944351
                                                                }
                                                            }
                                                        }
                                                    }
                                                }
                                            }
                                        }
                                    }
                                }
                            }
                        },
                        "trainer_advance": {
                            "total": 1.844398700632155,
                            "count": 640,
                            "self": 0.012669500370975584,
                            "children": {
                                "process_trajectory": {
                                    "total": 0.08260870026424527,
                                    "count": 640,
                                    "self": 0.08260870026424527
                                },
                                "_update_policy": {
                                    "total": 1.749120499996934,
                                    "count": 1,
                                    "self": 0.06350239971652627,
                                    "children": {
                                        "TorchPPOOptimizer.update": {
                                            "total": 1.6856181002804078,
                                            "count": 60,