{
    "name": "root",
    "gauges": {
        "SimpleTowerDefenseAgent.Policy.Entropy.mean": {
            "value": 0.0737452283501625,
            "min": 0.010957673192024231,
            "max": 3.4961800575256348,
            "count": 151
        },
        "SimpleTowerDefenseAgent.Policy.Entropy.sum": {
            "value": 72.34407043457031,
            "min": 10.760435104370117,
            "max": 3894.74462890625,
            "count": 151
        },
        "SimpleTowerDefenseAgent.Step.mean": {
            "value": 150889.0,
            "min": 986.0,
            "max": 150889.0,
            "count": 151
        },
        "SimpleTowerDefenseAgent.Step.sum": {
            "value": 150889.0,
            "min": 986.0,
            "max": 150889.0,
            "count": 151
        },
        "SimpleTowerDefenseAgent.Policy.ExtrinsicValueEstimate.mean": {
            "value": -1.8504011631011963,
            "min": -26.78662109375,
            "max": -0.7386961579322815,
            "count": 151
        },
        "SimpleTowerDefenseAgent.Policy.ExtrinsicValueEstimate.sum": {
            "value": -14.80320930480957,
            "min": -222.21778869628906,
            "max": -5.909569263458252,
            "count": 151
        },
        "SimpleTowerDefenseAgent.Losses.PolicyLoss.mean": {
            "value": 0.14233233895566727,
            "min": 0.112624935115929,
            "max": 0.1701596261140097,
            "count": 151
        },
        "SimpleTowerDefenseAgent.Losses.PolicyLoss.sum": {
            "value": 0.28466467791133454,
            "min": 0.11565925739705563,
            "max": 0.32152611369060147,
            "count": 151
        },
        "SimpleTowerDefenseAgent.Losses.ValueLoss.mean": {
            "value": 0.017050574662991695,
            "min": 0.010269723970149816,
            "max": 105.17042350769043,
            "count": 151
        },
        "SimpleTowerDefenseAgent.Losses.ValueLoss.sum": {
            "value": 0.03410114932598339,
            "min": 0.011356070120301511,
            "max": 105.17042350769043,
            "count": 151
        },
        "SimpleTowerDefenseAgent.Policy.LearningRate.mean": {
            "value": 0.00020979933006690002,
            "min": 0.00020979933006690002,
            "max": 0.00029961600012800004,
            "count": 151
        },
        "SimpleTowerDefenseAgent.Policy.LearningRate.sum": {
            "value": 0.00041959866013380003,
            "min": 0.00021036242987920002,
            "max": 0.0005981514006162,
            "count": 151
        },
        "SimpleTowerDefenseAgent.Policy.Epsilon.mean": {
            "value": 0.16993309999999995,
            "min": 0.16993309999999995,
            "max": 0.19987199999999997,
            "count": 151
        },
        "SimpleTowerDefenseAgent.Policy.Epsilon.sum": {
            "value": 0.3398661999999999,
            "min": 0.17012079999999996,
            "max": 0.39938380000000007,
            "count": 151
        },
        "SimpleTowerDefenseAgent.Policy.Beta.mean": {
            "value": 0.00349966169,
            "min": 0.00349966169,
            "max": 0.004993612799999999,
            "count": 151
        },
        "SimpleTowerDefenseAgent.Policy.Beta.sum": {
            "value": 0.00699932338,
            "min": 0.0035090279199999994,
            "max": 0.00996925162,
            "count": 151
        },
        "SimpleTowerDefenseAgent.Environment.EpisodeLength.mean": {
            "value": 852.0,
            "min": 852.0,
            "max": 857.0,
            "count": 151
        },
        "SimpleTowerDefenseAgent.Environment.EpisodeLength.sum": {
            "value": 852.0,
            "min": 852.0,
            "max": 1706.0,
            "count": 151
        },
        "SimpleTowerDefenseAgent.Environment.CumulativeReward.mean": {
            "value": -16.851110219955444,
            "min": -601.0400199890137,
            "max": -16.761110305786133,
            "count": 151
        },
        "SimpleTowerDefenseAgent.Environment.CumulativeReward.sum": {
            "value": -16.851110219955444,
            "min": -601.0400199890137,
            "max": -16.761110305786133,
            "count": 151
        },
        "SimpleTowerDefenseAgent.Policy.ExtrinsicReward.mean": {
            "value": -16.851110219955444,
            "min": -601.0400199890137,
            "max": -16.761110305786133,
            "count": 151
        },
        "SimpleTowerDefenseAgent.Policy.ExtrinsicReward.sum": {
            "value": -16.851110219955444,
            "min": -601.0400199890137,
            "max": -16.761110305786133,
            "count": 151
        },
        "SimpleTowerDefenseAgent.IsTraining.mean": {
            "value": 1.0,
            "min": 1.0,
            "max": 1.0,
            "count": 151
        },
        "SimpleTowerDefenseAgent.IsTraining.sum": {
            "value": 1.0,
            "min": 1.0,
            "max": 1.0,
            "count": 151
        }
    },
    "metadata": {
        "timer_format_version": "0.1.0",
        "start_time_seconds": "1752399299",
        "python_version": "3.10.6 (tags/v3.10.6:9c7b4bd, Aug  1 2022, 21:53:49) [MSC v.1932 64 bit (AMD64)]",
        "command_line_arguments": "C:\\Users\\User\\AppData\\Local\\Programs\\Python\\Python310\\Scripts\\mlagents-learn simple_config.yaml --run-id=SimpleTest_29",
        "mlagents_version": "1.1.0",
        "mlagents_envs_version": "1.1.0",
        "communication_protocol_version": "1.5.0",
        "pytorch_version": "2.7.1+cu118",
        "numpy_version": "1.23.5",
        "end_time_seconds": "1752401459"
    },
    "total": 2160.1394903000037,
    "count": 1,
    "self": 0.00818450000951998,
    "children": {
        "run_training.setup": {
            "total": 0.06402849999722093,
            "count": 1,
            "self": 0.06402849999722093
        },
        "TrainerController.start_learning": {
            "total": 2160.067277299997,
            "count": 1,
            "self": 2.446765595319448,
            "children": {
                "TrainerController._reset_env": {
                    "total": 12.227583400002914,
                    "count": 1,
                    "self": 12.227583400002914
                },
                "TrainerController.advance": {
                    "total": 2144.953943004657,
                    "count": 151231,
                    "self": 2.2160825100145303,
                    "children": {
                        "env_step": {
                            "total": 1941.969102992065,
                            "count": 151231,
                            "self": 955.9300799020566,
                            "children": {
                                "SubprocessEnvManager._take_step": {
                                    "total": 984.4656930995407,
                                    "count": 151231,
                                    "self": 7.191532895172713,
                                    "children": {
                                        "TorchPolicy.evaluate": {
                                            "total": 977.274160204368,
                                            "count": 151231,
                                            "self": 977.274160204368
                                        }
                                    }
                                },
                                "workers": {
                                    "total": 1.5733299904677551,
                                    "count": 151231,
                                    "self": 0.0,
                                    "children": {
                                        "worker_root": {
                                            "total": 2145.246722204378,
                                            "count": 151231,
                                            "is_parallel": true,
                                            "self": 1314.5441771001206,